{"cameraMode":{"drawMode":0,"name":"Shaded","section":"Shading Mode"},"sceneLighting":false,"audioPlay":false,"sceneViewState":{"showFog":true,"showMaterialUpdate":false,"showSkybox":false,"showFlares":true,"showImageEffects":true,"showParticleSystems":true},"in2DMode":false,"pivot":{"x":4.5,"y":0.2799999713897705,"z":47.630001068115237},"rotation":{"x":-0.0023103205021470787,"y":0.9640513062477112,"z":-0.26557400822639468,"w":-0.00838660728186369},"size":0.4330126941204071,"orthographic":false}